,claim,url
0,Says Ukrainian President Volodymyr Zelenskyy said he wants America’s “sons and daughters to go die in Ukraine.”,https://www.politifact.com/factchecks/2023/mar/03/marjorie-taylor-greene/marjorie-taylor-greene-distorts-zelenskyys-comment/
1,"Ukrainian President Volodymyr Zelenskyy said, ""The U.S. will have to send their sons & daughters to Ukraine to fight.""",https://www.factcheck.org/2023/03/social-media-posts-misrepresent-zelenskyys-remarks-on-u-s-military-involvement/
2,I’ll eat ice cream wherever the hell I want to eat ice cream. #DarkBrandon #Kyiv #Ukraine #PresidentBiden #Biden,https://en.youturn.in/factcheck/photos-of-joe-biden-eating-icecream.html
3,Photos of an apartment building in Kyiv are evidence the war in Ukraine “is fake.”,https://www.politifact.com/factchecks/2023/feb/27/viral-image/the-war-in-ukraine-isnt-fake-and-these-photos-dont/
4,"""As reports that FEMA has turned down a request for help after the releasing of DEADLY chemicals over East Palestine Ohio, President Biden announces humanitarian aid for Ukraine.""",https://www.factcheck.org/2023/02/multiple-federal-agencies-supporting-east-palestine-contrary-to-partisan-claims/
5,“Putin decimates another adrenochrome warehouse in Ukraine.”,https://www.politifact.com/factchecks/2023/feb/23/blog-posting/claims-that-vladimir-putin-destroyed-an-adrenochro/
6,"“BREAKING: @JoeBiden Announced The US #TaxPayers Will Now Be PAYING The #Pensions & #Welfare For The People Of #Ukraine.""",https://www.factcheck.org/2023/02/bidens-april-2022-remark-about-some-ukraine-aid-covering-pensions-is-not-breaking-news/
7,Recent picture of US President Joe Biden having ice cream in Ukraine’s capital city Kyiv,https://factly.in/digitally-altered-image-shared-as-recent-picture-of-joe-biden-eating-ice-cream-in-ukraine/
8,"Volodymyr Zelensky ""calls for preventative nuclear attack against Russia.”",https://www.factcheck.org/2023/02/posts-misinterpret-zelensky-quote-on-preventive-actions-against-russia/
9,Russian President Vladimir Putin “intercepts adrenochrome shipment headed to United States.”,https://www.politifact.com/factchecks/2023/feb/16/blog-posting/vladimir-putin-didnt-intercept-shipment-of-chemica/
10,"President Joe Biden said: “The idea that we’re going to send tanks to Ukraine, that’s called World War III.”",https://www.factcheck.org/2023/02/posts-misquote-bidens-year-old-remarks-on-tanks-for-ukraine/
11,"Look, there are 50 former national intelligence folks who said that what he’s accusing me of is a Russian plan. They have said that this has all the characteristics — four, five former heads of the CIA, both parties, say what he’s saying is a bunch of garbage. Nobody believes it except him and his good friend Rudy Giuliani.”",https://www.washingtonpost.com/politics/2023/02/13/hunter-biden-laptop-claims-russian-disinfo/
12,"President Joe Biden said, “The idea that we’re going to send in tanks to Ukraine, that’s called World War III.”",https://www.politifact.com/factchecks/2023/feb/02/tweets/tweets-distort-bidens-comments-on-tanks-ukraine-an/
13,"“When I read the email, very, very detailed analysis of what’s happening in Ukraine. Actually, far more detailed than anything I got as a U.S. senator from the State Department ...This information was obviously fed to Hunter.”",https://www.washingtonpost.com/politics/2023/02/02/laptop-email-suggests-hunter-biden-read-newspapers-not-classified-documents/
14,"President Joe Biden said, “To the Ukrainian people, I say to them all, you might you might they they might be able to make right and they’re not able to.”",https://www.politifact.com/factchecks/2023/jan/30/viral-image/biden-stumbled-december-speech-altered-video-remov/
15,“Putin destroys adrenochrome lab in Ukraine.”,https://www.politifact.com/factchecks/2023/jan/25/blog-posting/fabricated-story-falsely-claims-vladimir-putin-des/
16,A video clip depicting a large group of people gathering in a bar and crying out after they watched a map of territory reclaim on a big screen was uploaded on Facebook.​ The video clip came with a claim saying they were Ukrainians cheering after their country’s counterattack had reclaimed many parts of territories from the Russian invasion.,https://cambodia.factcrescendo.com/english/an-old-video-of-football-fans-cheering-falsely-claimed-as-ukraines-war-victory/
17,Russia’s Army was “destroyed.”,https://www.politifact.com/factchecks/2022/dec/19/facebook-posts/no-russias-army-wasnt-destroyed/
18,"""We don’t need to pass $40 billion large Democrat bills ... to send $8 billion to Ukraine.""",https://www.factcheck.org/2022/12/u-s-aid-to-ukraine-explained/
19,The media reported on “5 TikTok dances you can do to help Ukraine fight Russia.”,https://www.politifact.com/factchecks/2022/nov/03/viral-image/story-about-tiktok-dances-help-ukraine-satire/
20,"Photo shows “Russian soldiers with a Ukrainian girl, celebrating their human trophy.”",https://www.politifact.com/factchecks/2022/oct/27/viral-image/this-isnt-a-photo-of-russian-soldiers-with-a-bound/
21,Video clips show staged war footage from Ukraine.,https://www.politifact.com/factchecks/2022/oct/26/viral-image/video-clips-mischaracterized-showing-fake-ukraine/
22,A CNN headline shows Uganda’s president saying he doesn’t support Ukraine because it would be “disgusting.”,https://www.politifact.com/factchecks/2022/oct/24/viral-image/no-evidence-cnn-reported-ugandas-president-said-it/
23,"""Tens of Billions of US Dollars Were Transferred to Ukraine and then Using FTX Crypto Currency the Funds Were Laundered Back to Democrats in US.""",https://www.factcheck.org/2022/11/bogus-theory-misinterprets-ftx-support-for-ukraine/
24,32 thousand of our children were trapped in Ukraine. PM Modi called Putin & Zelensky and stopped the war. Children were evacuated from Ukraine and brought back to India. – Mr. @JPNadda,https://en.youturn.in/factcheck/modi-russia-ukraine-war-stop.html
25,"Terrifyingly precise ambush

#Ukraine is hunting #Russian tanks with American FGM-148 Javelin missiles. Have to see to believe it.",http://en.youturn.in/factcheck/simulation-video-as-ukraine-russia-war.html
26,"President Joe Biden and Democrats ""send a fortune to Ukraine but nothing for our children.""",https://www.politifact.com/factchecks/2022/nov/03/citizens-sanity/ad-comparing-spending-ukraine-us-children-ridiculo/
27,Ukrainian FGM 148 Javelin Missile Attack On Russian Tanks! (VIDEO),https://srilanka.factcrescendo.com/english/scene-from-an-arma-3-video-game-shared-as-ukrainian-fgm-148-javelin-missile-attack-on-russian-tanks/
28,Ukraine is not a state and is not recognized by the United Nations.,https://dpa-factchecking.com/belgium/221013-99-119194/
29,Vladimir Putin “is fleeing the war!”,https://www.politifact.com/factchecks/2022/sep/29/facebook-posts/no-evidence-putin-abandoning-war-ukraine/
30,“Chinese military convoy enters Ukraine from Russia.”,https://www.politifact.com/factchecks/2022/sep/22/facebook-posts/no-isnt-video-chinas-army-entering-ukraine/
31,Photo shows fighting in Ukraine.,https://www.politifact.com/factchecks/2022/sep/22/viral-image/old-photo-military-exercise-used-illustrate-story-/
32,"“The pope, Xi and Putin all meet to plan world events!”",https://www.politifact.com/factchecks/2022/sep/15/facebook-posts/no-pope-putin-and-xi-didnt-meet-plan-world-events/
33,"GM and Ford vehicles sent to Ukraine were funded with Americans' ""tax dollars.""",https://www.factcheck.org/2022/09/gm-ford-vehicles-were-donated-to-ukraine-by-carmakers/
34,Vladimir Putin has been ambushed and is in serious danger.,https://verafiles.org/articles/vera-files-fact-check-russias-putin-was-not-ambushed
35,Joe Biden threatened to assassinate Ukraine’s former president.,https://www.politifact.com/factchecks/2022/aug/31/facebook-posts/biden-didnt-threaten-kill-former-ukrainian-preside/
36,“The U.S. & Elon Musk reveal new hypersonic jet to help Ukraine.”,https://www.politifact.com/factchecks/2022/sep/07/blog-posting/claim-musk-will-supply-hypersonic-jet-ukrainian-wa/
37,"The Russia ""hoax"" that Donald Trump colluded with the Russians during the 2016 campaign was “developed by Hillary Clinton and a group of people.”",https://www.factcheck.org/2022/09/trump-distorts-facts-in-pennsylvania-rally/
38,“US Army in Ukraine.”,https://www.politifact.com/factchecks/2022/aug/24/facebook-posts/no-us-army-forces-arent-ukraine/
39,Ukrainian “attack destroys skyscraper in Moscow.”,https://www.politifact.com/factchecks/2022/jul/07/viral-image/no-ukrainian-attack-didnt-destroy-moscow-skyscrape/
40,“Biden threatens to assassinate Ukraine president.”,https://www.politifact.com/factchecks/2022/jul/21/facebook-posts/no-biden-didnt-threaten-kill-zelenskyy/
41,Video shows Ukrainian air defenses in Sievierodonetsk shooting down “55 Ka 52 helicopters.”,https://www.politifact.com/factchecks/2022/jul/19/viral-image/clip-shows-video-game-not-ukrainian-victory-sievie/
42,“Belarus declares war on Poland.”,https://www.politifact.com/factchecks/2022/jul/11/facebook-posts/no-belarus-hasnt-declared-war-poland/
43,“Moscow was engulfed in flames” after a giant explosion.,https://www.politifact.com/factchecks/2022/jul/08/facebook-posts/moscow-wasnt-engulfed-flames/
44,Ukrainian President Volodymyr Zelensky has a monthly income of $11 million.,https://www.factcheck.org/2022/07/social-media-posts-make-unsupported-claims-about-zelenskys-income-net-worth/
45,“High-ranking Ukrainian officials caught splurging on luxury real estate in Switzerland.”,https://www.politifact.com/factchecks/2022/jul/13/blog-posting/land-documents-claiming-ukrainian-officials-bought/
46,Amazing President Zelensky and his wife,https://cambodia.factcrescendo.com/english/did-president-zelensky-and-his-wife-sing-the-song-endless-love/
47,Heartbreaking video of #Ukrainian Soldier Russia’s Ukraine attack.,https://cambodia.factcrescendo.com/english/scenes-in-a-film-falsely-claimed-the-ongoing-ukraine-russia-crisis/
48,"Update Ukraine has killed 3,500 Russian soldiers when they clashed in a battle along a road. Source: Daily Mail.",https://cambodia.factcrescendo.com/english/bodies-of-mh17-falsely-claimed-as-soldiers-killed-in-ukraine-russia-crisis/
49,Heartbreaking video of #Ukrainian Soldier Russia’s Ukraine attack,https://cambodia.factcrescendo.com/scenes-in-a-film-falsely-claimed-the-ongoing-ukraine-russia-crisis/
50,A Scene of Russian Kinzhal Missile Striking an Ukrainian Underground Arms Depot !!,https://srilanka.factcrescendo.com/english/a-video-created-from-computer-generated-visual-effects-being-shared-as-real-video-russian-missile-strike-to-ukraine/
51,"The Pentagon ""finally comes clean"" and ""admits...that there are 46 U.S. military-funded biolabs in Ukraine""",https://www.politifact.com/factchecks/2022/jun/15/blog-posting/pentagon-didnt-admit-there-are-46-us-funded-biolab/
52,The official pride flag was altered to include Ukrainian colors.,https://www.politifact.com/factchecks/2022/jun/10/tweets/no-ukrainian-colors-were-not-added-official-pride-/
53,Video shows a “Russian pilot” escaping from jets and a Russian aircraft getting hit by a missile.,https://www.politifact.com/factchecks/2022/may/23/viral-image/video-game-not-combat-ukraine/
54,Video shows helicopters in Ukraine “being picked off in ambush - Short range air-to-air missile”,https://www.politifact.com/factchecks/2022/may/20/facebook-posts/no-isnt-real-footage-downed-helicopters-during-amb/
55,A photo of Ukrainians with paintball guns proves the war is staged.,https://www.politifact.com/factchecks/2022/may/19/viral-image/no-photo-ukrainians-training-combat-doesnt-prove-w/
56,"Says Tucker Carlson said, “What if these bodies of tortured, dead civilians were staged? What if they’re fake? What if the Ukrainian military killed them & then blamed Russia? I’m not saying any of this is true, I’m just asking the questions. Why can’t we ask these questions?”",https://www.politifact.com/factchecks/2022/apr/07/tweets/no-tucker-carlson-didnt-say-about-ukraine-staging-/
57,Ukraine is the “money laundering and child sex trafficking capital of the world!”,https://www.politifact.com/factchecks/2022/apr/12/viral-image/no-ukraine-isnt-money-laundering-or-child-sex-traf/
58,"Vladimir Putin “released 35,000 children from tunnels and subway in Ukraine.”",https://www.politifact.com/factchecks/2022/apr/20/facebook-posts/no-putin-didnt-free-35000-children-ukraine/
59,Photo of unbroken windows proves war in Ukraine is fake.,https://www.politifact.com/factchecks/2022/apr/27/viral-image/no-photo-intact-windows-bucha-doesnt-prove-war-ukr/
60,"Photo of Natasha Perokov, the Ukraine’s first female fighter pilot who died during the war with Russia",https://factly.in/unrelated-visuals-shared-as-ukraines-first-female-pilot-killed-during-the-ongoing-russia-ukraine-conflict/
61,Sweden is transferring a batch of Bofors FF77BW Archer self-propelled artillery units to Ukraine,https://verafiles.org/articles/vera-files-fact-check-sweden-is-not-sending-self-propelled-artillery-to-ukraine
62,“The White House presented commemorative coins” dedicated to Ukraine President Volodymyr Zelenskyy.,https://www.politifact.com/factchecks/2022/apr/25/facebook-posts/commemorative-zelenskyy-coins-created-private-gift/
63,Ukraine was responsible for the Kramatorsk train station bombing.,https://www.politifact.com/factchecks/2022/apr/18/facebook-posts/no-evidence-ukraine-attacked-train-station-one-its/
64,"This Video shows the preparation for the next staged ""killing of civilians through russians"".",https://dpa-factchecking.com/germany/220408-99-846761
65,“She [Russian billionaire Elena Baturina] gave him [Hunter Biden] $3.5 million so now I would think [Russian president Vladimir] Putin would know the answer to that. I think he should release it. I think we should know that answer.”,https://www.washingtonpost.com/politics/2022/04/08/unraveling-tale-hunter-biden-35-million-russia/
66,“The Russian army captured the U.S Major General Roger L. Cloutier Jr. … in the besieged Ukrainian Azov camp in Mariupol.”,https://www.politifact.com/factchecks/2022/apr/05/tweets/no-nato-allied-land-command-leader-wasnt-captured-/
67,"A video taken from a car driving through Bucha, Ukraine, shows a corpse “moving his arm,” and then “in the rear view mirror the ‘corpse’ sits down.”",https://www.politifact.com/factchecks/2022/apr/04/russian-ministry-defense/russia-pushes-false-crisis-actor-claims-about-vide/
68,"""U.S. President Joe Biden himself is involved in the creation of biolaboratories in Ukraine. An investment fund run by his sun (sic) Hunter Biden funded research and the implementation of the United States’ military biological program.""",https://www.politifact.com/article/2022/apr/01/facts-behind-russian-right-wing-narratives-claimin/
69,"“Putin has the gall to say he’s ‘de-Nazifying’ Ukraine. It’s a lie.""",https://www.factcheck.org/2022/03/the-facts-on-de-nazifying-ukraine/
70,Claim: arma 3 game footage being shared as russian ukraine war visuals,https://tamil.factcrescendo.com/arma-3-game-footage-being-shared-as-russian-ukraine-war-visuals/
71,Claim: 2012 dated video being shared as Russia military equipment being transported to Ukraine,https://tamil.factcrescendo.com/2012-dated-video-being-shared-as-russia-military-equipment-being-transported-to-ukraine/
72,Claim: explainer for the narrative shared about putin mother,https://tamil.factcrescendo.com/explainer-for-the-narrative-shared-about-putin-mother/
73,Claim: different videos being shared as russia ukraine conflict visuals,https://tamil.factcrescendo.com/different-videos-being-shared-as-russia-ukraine-conflict-visuals/
74,Will Smith slapped Chris Rock “to take attention away from Ukraine.”,https://www.politifact.com/factchecks/2022/mar/29/tweets/no-evidence-support-claim-will-smith-chris-rock-co/
75,"CNN staged a fire in Edmonton, Canada, and claimed it was filmed in Ukraine.",https://www.politifact.com/factchecks/2022/mar/28/viral-image/no-edmonton-jacket-isnt-proof-cnn-staged-fire-part/
76,CNN tweeted a picture of a Serbian resort and said it was in Ukraine.,https://www.politifact.com/factchecks/2022/mar/25/viral-image/supposed-cnn-tweet-about-hotel-altered/
77,“Ukraine has been shooting residents of Donetsk and Lugansk just because they wanted to speak Russian.”,https://www.politifact.com/factchecks/2022/mar/22/facebook-posts/no-evidence-support-claims-ukraine-killing-people-/
78,Russian President Vladimir Putin “was assassinated.”,https://www.politifact.com/factchecks/2022/mar/21/blog-posting/clickbait-headline-about-vladimir-putins-supposed-/
79,This video shows “Russian war in Ukraine.”,https://www.politifact.com/factchecks/2022/mar/11/viral-image/footage-marines-training-arizona-mischaracterized-/
80,Says Leonardo DiCaprio gave Ukraine $10 million.,https://www.politifact.com/factchecks/2022/mar/11/facebook-posts/no-leonardo-dicaprio-didnt-give-10-million-ukraine/
81,Photo shows a Russian tank Ukrainians are selling on eBay.,https://www.politifact.com/factchecks/2022/mar/04/viral-image/no-isnt-photo-russian-tank-sale-ebay/
82,"""Hunter Biden’s Rosemont Seneca investment fund financed the Pentagon’s military biological program in Ukraine.""",https://www.washingtonpost.com/politics/2022/03/29/truth-about-hunter-biden-ukrainian-bio-labs/
83,A video shows Ukraine President Volodymyr Zelenskyy singing “Imagine” by John Lennon.,https://www.politifact.com/factchecks/2022/mar/28/youtube-videos/does-video-show-zelenskyy-singing-imagine-john-len/
84,Photo posted March 22 on Facebook shows an American fighter jet intercepting a Russian bomber near Alaskan airspace.,https://www.factcheck.org/2022/03/viral-photo-of-russian-bomber-shows-incident-from-2020/
85,The war in Ukraine is “scripted and staged.”,https://www.politifact.com/factchecks/2022/mar/04/facebook-posts/evidence-russias-war-ukraine-plentiful-and-proves-/
86,Deceased Ukrainian fighter pilot Col. Oleksandr Oksanchenko was the “Ghost of Kyiv.”,https://www.politifact.com/factchecks/2022/mar/14/facebook-posts/ukraine-recognized-downed-pilot-hero-claims-he-was/
87,“A West Virginia inspection sticker on an Uber” proves the car was not in Ukraine.,https://www.politifact.com/factchecks/2022/mar/17/facebook-posts/news-video-shot-car-was-filmed-ukraine-not-west-vi/
88,"Viral video shows ""crisis actors"" portraying dead Ukrainian victims of a Russian attack laid out in body bags.",https://www.factcheck.org/2022/03/video-shows-climate-protest-in-austria-not-crisis-actors-in-ukraine/
89,"Ukraine is a country whose ""government only exists because the Obama State Department helped to overthrow the previous regime.""",https://www.factcheck.org/2022/03/marjorie-taylor-greene-parrots-russian-talking-point-on-ukraine/
90,Claim: Austria video falsely shared with Russian Ukraine conflict narrative,https://tamil.factcrescendo.com/austria-video-falsely-shared-with-russian-ukraine-conflict-narrative/
91,Recent video of the face-to-face peace talks held between Ukraine President Volodymyr Zelensky and Russian President Vladimir Putin,https://factly.in/2019-video-shared-as-recent-visuals-of-volodymyr-zelensky-and-vladimir-putin-holding-face-to-face-peace-talks-to-end-the-war/
92,"A photo shows ""NATO resupplying Ukrainian farmers anti-tank supplies.""",https://www.politifact.com/factchecks/2022/mar/18/facebook-posts/viral-image-helicopter-lifting-tractor-does-not-sh/
93,"""What is happening here is not so different from what we're seeing happening in Russia, where you have got state TV and controlled messaging across the board.""",https://www.politifact.com/factchecks/2022/mar/18/tulsi-gabbard/tulsi-gabbard-falsely-claims-us-not-so-different-r/
94,Video shows American soldiers arriving in Ukraine,https://verafiles.org/articles/vera-files-fact-check-viral-video-paratroopers-not-american
95,“Wladimir Klitschko has auctioned off his 1996 Atlanta Olympic Games gold medal to raise money for the children of Ukraine.”,https://www.politifact.com/factchecks/2022/mar/16/facebook-posts/ukrainian-boxing-star-auctioned-olympic-gold-medal/
96,“We haven’t seen a single American megachurch offer anything to help Ukrainians.”,https://www.politifact.com/factchecks/2022/mar/16/tweets/american-megachurches-are-offering-support-ukraine/
97,“While Ukrainians bled and died … Congressman Budd excused their killer.”,https://www.factcheck.org/2022/03/tv-ad-features-cherry-picked-comments-from-rep-ted-budd-about-putin/
98,"Photos show Natasha Perakov, a Ukranian former beauty queen who was also the first Ukranian pilot to die in the Ukraine-Russia war after severe injury",https://verafiles.org/articles/vera-files-fact-check-fb-pages-falsely-claim-female-ukrainia
99,"Classified documents from Ukraine “confirm without a shadow of a doubt” that the Ukraine government was “covertly preparing an offensive operation against Donbas, scheduled for March 2022.”",https://www.politifact.com/factchecks/2022/mar/14/tweets/no-document-doesnt-show-secret-ukrainian-military-/
100,Video of a fake Ukrainian soldier getting blood makeup,https://factly.in/a-bts-clip-of-a-show-contamin-is-being-shared-as-a-fake-ukrainian-soldier-getting-blood-makeup/
101,"“We haven’t seen a single American mega church offer anything to the Ukrainians.""",https://www.factcheck.org/2022/03/megachurches-in-u-s-are-supporting-ukraine-relief-contrary-to-social-media-posts/
102,"Russian President Vladimir Putin ""banned"" Rothschild-related banks from operating in the country.",https://www.factcheck.org/2022/03/rothschild-co-has-office-in-russia-contrary-to-conspiracy-claim-on-social-media/
103,“Putin bombs Biden-owned villa in Ukraine while hammering biolabs & pedophile rings.”,https://www.politifact.com/factchecks/2022/mar/08/blog-posting/story-claims-putin-bombed-biden-owned-villa-and-ha/
104,Photo of players from Dynamo football club who wore military uniform to fight in the ongoing war in Ukraine,https://factly.in/the-photo-does-not-show-players-from-ukraines-football-club-donning-military-gear/
105,‘Either Russia will be at the World cup 2022 or there will be no World cup’ – Vladimir Putin,https://factly.in/no-putin-did-not-respond-to-the-suspension-of-the-russian-football-team-as-claimed-in-this-post/
106,Photos show Ukrainian citizens destroying two Russian tanks with Molotov cocktails in Kyiv.,https://www.politifact.com/factchecks/2022/mar/02/facebook-posts/these-photos-molotov-cocktails-are-2014-protests-k/
107,Video shows a Ukrainian fighter pilot shooting down a Russian plane.,https://www.politifact.com/factchecks/2022/feb/28/facebook-posts/ghost-kyiv-clip-video-game-not-video-fighting-ukra/
108,Video shows a ravaged city in Ukraine amid the current invasion by the armed forces of Russia,https://factly.in/video-related-to-the-2020-beirut-explosion-is-being-shared-as-recent-visuals-from-ukraine/
109,Hunter Biden’s payments from the Ukrainian oil and gas company Burisma Holdings ended with the Russian invasion of Ukraine.,https://www.factcheck.org/2022/03/hunter-biden-left-ukrainian-company-in-2019-contrary-to-ted-nugent-post/
110,A Ukrainian TikToker shows how to drive an abandoned Russian armored vehicle.,https://www.politifact.com/factchecks/2022/mar/04/facebook-posts/no-woman-driving-armored-vehicle-isnt-ukrainian-sh/
111,Video of a weapon system successfully gunning down a fighter jet shows an incident in the ongoing Russia-Ukraine conflict.,https://verafiles.org/articles/vera-files-fact-check-video-game-footage-given-false-ukraine
112,"""The Russian army does not occupy Ukrainian territory.""",https://www.politifact.com/factchecks/2022/mar/03/russian-embassy-canada/russias-pants-fire-claim-it-not-occupying-ukrainia/
113,The calculations show a similar pattern in the dates on which the two World Wars and the Russia-Ukraine war began,https://factly.in/the-date-of-the-first-world-war-taken-in-this-post-is-not-correct-also-one-calculation-is-tweaked/
114,Video depicting western media showing fake dead bodies of Ukrainian citizens,https://factly.in/video-report-about-a-climate-change-protest-is-shared-as-western-media-showing-fake-dead-bodies-of-ukrainian-citizens/
115,Recent video of Russian President Putin avoiding his Presidential motorcade and walking alone after a press conference,https://factly.in/old-video-of-putin-walking-alone-on-the-streets-is-passed-off-as-a-recent-one/
116,Video of Vladimir Putin interacting with the evacuated Indian nationals from Ukraine,https://factly.in/no-this-video-does-not-show-vladimir-putin-interacting-with-the-indian-nationals-being-evacuated/
117,"“Putin has ordered his military to seek and destroy US-Deep State bio-labs"" in Ukraine.",https://www.factcheck.org/2022/03/social-media-posts-misrepresent-u-s-ukraine-threat-reduction-program/
118,Video shows a Ukrainian “FA-27” jet being shot down by Russia,https://verafiles.org/articles/vera-files-fact-check-video-falsely-claims-fa-27-jet-shot-do
119,"""Putin’s latest attack on Ukraine was premeditated and totally unprovoked.""",https://www.politifact.com/article/2022/mar/02/fact-checking-joe-bidens-2022-state-union-address/
120,A photo of a wounded young child was captured in Ukraine in 2022.,https://www.politifact.com/factchecks/2022/mar/01/facebook-posts/photo-injured-child-syria-2018-not-russia-ukraine-/
121,Video shows Ukrainian soldiers saying goodbye to loved ones amid Russia’s 2022 invasion,https://www.politifact.com/factchecks/2022/mar/01/facebook-posts/social-posts-mislead-sharing-2017-movie-clip-ukrai/
122,Photo of New York’s Statue of Liberty draped in the Ukrainian flag,https://factly.in/picture-of-statue-of-liberty-replica-in-france-shared-as-new-yorks-statue-of-liberty-draped-in-a-ukrainian-flag/
123,Recent painful photos from Ukraine,https://factly.in/these-painful-visuals-do-not-show-the-consequences-of-the-current-russia-ukraine-crisis/
124,Recent pictures of the Russia-Ukraine war,https://factly.in/these-painful-visuals-do-not-show-the-consequences-of-the-current-russia-ukraine-crisis/
125,Recent photo of Ukraine after the Russian attack,https://factly.in/these-painful-visuals-do-not-show-the-consequences-of-the-current-russia-ukraine-crisis/
126,Video confirming that Modi government is going to send Indian soldiers to fight in Ukraine,https://factly.in/indian-government-did-not-say-that-it-wants-to-send-indian-soldiers-to-fight-in-ukraine/
127,"Before and after pictures of the Independence Square in Kyiv, Ukraine after the Russian invasion",https://factly.in/2014-photo-is-shared-as-kyivs-independence-square-after-the-russian-invasion-of-ukraine/
128,Recent photo of two Ukrainian children sending off soldiers to fight the Russians,https://factly.in/old-and-unrelated-visuals-of-different-children-are-being-linked-to-the-russia-ukraine-crisis-2022/
129,Video of a Ukrainian girl standing up to a Russian soldier,https://factly.in/old-and-unrelated-visuals-of-different-children-are-being-linked-to-the-russia-ukraine-crisis-2022/
130,Photo of a girl crying beside a dead body from the recent Russia-Ukraine conflict,https://factly.in/old-and-unrelated-visuals-of-different-children-are-being-linked-to-the-russia-ukraine-crisis-2022/
131,Video of Russian soldiers saving a small child during the battle between the forces of Russia and Ukraine,https://factly.in/old-and-unrelated-visuals-of-different-children-are-being-linked-to-the-russia-ukraine-crisis-2022/
132,Ongoing Russia – Ukraine conflict visuals,https://factly.in/old-and-unrelated-war-visuals-are-passed-off-as-russia-ukraine-conflict-visuals/
133,A photo showing young children saluting troops was captured in Ukraine in 2022.,https://www.politifact.com/factchecks/2022/feb/28/viral-image/photo-children-sending-ukrainian-troops-2016-not-2/
134,"“Also, it was me that got Ukraine the very effective anti-tank busters (Javelins) when the previous Administration was sending blankets.”",https://www.washingtonpost.com/politics/2022/02/28/trumps-effort-rewrite-history-his-support-nato-ukraine/
135,Recent heartbreaking video of Ukrainian soldiers,https://factly.in/some-old-emotional-visuals-are-being-linked-to-the-current-russia-ukraine-crisis/
136,Picture of a child injured in the attacks on Ukraine,https://factly.in/some-old-emotional-visuals-are-being-linked-to-the-current-russia-ukraine-crisis/
137,Picture of the day: A man draped in the Ukrainian flag embraces a woman wearing the Russian flag,https://factly.in/some-old-emotional-visuals-are-being-linked-to-the-current-russia-ukraine-crisis/
138,Video of a Russian fighter jet shot down by Ukrainian Air Defense,https://factly.in/no-these-visuals-of-airstrikes-and-associated-firing-are-not-related-to-the-russia-ukraine-crisis-2022/
139,Video of a Russian aircraft shot down by the Ukraine Military,https://factly.in/no-these-visuals-of-airstrikes-and-associated-firing-are-not-related-to-the-russia-ukraine-crisis-2022/
140,TikTok video shows Russian soldiers parachuting into Ukraine.,https://www.politifact.com/factchecks/2022/feb/25/tiktok-posts/no-tiktok-does-not-show-russian-soldiers-invading-/
141,Photo shows Empire State Building lit up to support Ukraine.,https://www.politifact.com/factchecks/2022/feb/25/tweets/old-photo-empire-state-building-unrelated-ukraine-/
142,Ethnic Russians face “genocide perpetrated by the Kyiv regime.”,https://www.politifact.com/factchecks/2022/feb/25/vladimir-putin/putin-repeats-long-running-claim-genocide-ukraine/
143,Video shows footage from Russia invading Ukraine.,https://www.politifact.com/factchecks/2022/feb/25/viral-image/old-footage-russian-planes-mischaracterized-amid-n/
144,"“You can’t say it enough, Ukraine is not a democracy. … In American terms, you would call Ukraine a tyranny.”",https://www.washingtonpost.com/politics/2022/02/24/tucker-carlson-says-ukraine-is-not-democracy-here-are-facts/
145,Recent video of Russia launching an airstrike against Ukraine,https://factly.in/old-unrelated-video-is-shared-as-recent-visuals-of-russia-launching-an-airstrike-against-ukraine/
146,Visuals of a fight between the forces of Russia and Ukraine,https://factly.in/multiple-gaming-videos-are-being-misconstrued-as-related-to-the-ongoing-russia-ukraine-crisis/
147,"""Modern Ukraine was entirely created by Russia or, to be more precise, by Bolshevik, Communist Russia.""",https://www.politifact.com/article/2022/feb/23/putins-one-sided-history-ukraines-relationship/
148,"Video shows troops at the Ukraine-Russia border on Jan. 27, 2022.",https://www.politifact.com/factchecks/2022/feb/01/tweets/old-video-mischaracterized-showing-troops-ukraine-/
149,"""According to reports, the U.S. Embassy provided $1 million a day to support the so-called protest camp on Independence Square in Kyiv.”",https://www.washingtonpost.com/politics/2022/02/23/fact-checking-putins-speech-ukraine/
150,"“As we know, it has already been stated today that Ukraine intends to create its own nuclear weapons, and this is not just bragging.”",https://www.washingtonpost.com/politics/2022/02/23/fact-checking-putins-speech-ukraine/
151,"“I will start with the fact that modern Ukraine was entirely created by Russia or, to be more precise, by Bolshevik, Communist Russia.”",https://www.washingtonpost.com/politics/2022/02/23/fact-checking-putins-speech-ukraine/
152,"""Ukraine was the No. 1 donor to Hillary Clinton when she was running for president.”",https://www.politifact.com/factchecks/2022/feb/22/marjorie-taylor-greene/marjorie-taylor-greene-falsely-claims-ukraine-was-/
153,Video of a fight between the forces of Russia and Ukraine (MiG-29 vs C-RAM),https://factly.in/a-gaming-video-is-being-shared-as-visuals-of-russia-vs-ukraine-mig-29-vs-c-ram-fight/
154,“Russia has never attacked anyone throughout its history.”,https://www.politifact.com/factchecks/2022/feb/21/dmitry-peskov/russian-spokesmans-statement-ignores-centuries-rus/
155,"“Durham’s documents show that Hillary Clinton hired people who hacked into Trump’s home and office computers” and “planted evidence, fabricated evidence connecting Trump to Russia.”",https://www.politifact.com/factchecks/2022/feb/17/jesse-watters/jesse-watters-spins-facts-beyond-recognition-claim/
156,Footage shows an American C-17 military transport plane landing on an airstrip in Ukraine.,https://www.bbc.co.uk/news/56772297
157,A US M1 Abrams tank has been unloaded in Ukraine,https://www.bbc.co.uk/news/56772297
158,"Says Joe Biden is “withholding $150 million in aid from Ukraine” to “pressure Ukraine to drop all criminal investigations into him and his son, Hunter.”",https://www.politifact.com/factchecks/2021/apr/15/george-papadopoulos/no-evidence-joe-biden-withholding-aid-ukraine-help/
159,"""I, to my shame, now cannot remember what kind of assistance America has provided to Russia recently ... I am not aware of any help.""",https://www.polygraph.info/a/polygraph-fact-check-has-the-u-s-ever-helped-russia-yes-/31136030.html
160,It is illegal to speak Russian in Ukrainian cafes and shops.,https://disinfowatch.org/disinfo/russian-language-is-not-banned-from-ukrainian-stores-and-restaurants/
161,Russian President Vladimir Putin banned mixed-religion marriages for Muslims in Russia,https://factly.in/russia-did-not-ban-muslim-men-from-marrying-other-religious-women/
162,"the Facebook page „მოგი*ყანთ ოპოზიცია“ (F*ck Your Opposition) shared the video of Nika Melia, a member of the opposition party National Movement that was uploaded on June 21, 2019. Said video was shared with the following words: “Standpoint of Traitors of the Country”.  Video shows Nika Melia being interviewed by TV “Rustavi 2” in the Parliament chamber. Video footage has a logo of ""Rustavi 2"" that dates back to June 20, 2019.  In an 8-seconds long video Melia states the following: “ Everybody already knows that Abkhazia and Samachablo are both sovereign states and should be completely under the influence of Russia…”.",https://mythdetector.ge/en/anti-opposition-page-ascribes-words-about-gavrilov-to-melia/
163,"""Joe [Biden] got $3.5 million from Russia and it came through Putin.""",https://www.factcheck.org/2020/10/factchecking-the-final-2020-presidential-debate/
164,"Speaking of his work in Ukraine while his son was on the board of a Ukrainian energy company, ""Nothing was unethical. ... I carried out U.S. policy. Not one single solitary thing was out of line.""",https://www.politifact.com/article/2020/oct/23/fact-checking-donald-trump-joe-biden-final-preside/
165,"""Joe got 3.5 million dollars from Russia.""",https://www.politifact.com/article/2020/oct/23/fact-checking-donald-trump-joe-biden-final-preside/
166,"Says Debbie Mucarsel-Powell's family received $700,000 from the firm of ""violent warlord Ihor Kolomoisky,"" who is compared to Fidel Castro and Nicolás Maduro.",https://www.politifact.com/factchecks/2020/oct/16/congressional-leadership-fund/ukrainians-firm-paid-rep-mucarsel-powells-husband-/
167,"Cited ""explosive documents"" published by the New York Post to claim Joe Biden ""went to Ukraine and threatened to withhold $1 billion in aid if they did not fire the prosecutor that was investigating his son and the company that his son worked for.""",https://www.factcheck.org/2020/10/trump-revives-false-narrative-on-biden-and-ukraine/
168,"""The Russia hoax was Hillary's plan.""",https://www.factcheck.org/2020/10/partisan-claims-of-russia-hoax-revived-ahead-of-2020-election/
169,Biden received $3.5 million from the wife of the former mayor of Moscow,https://www.usatoday.com/story/news/factcheck/2020/10/01/fact-check-unproven-claims-hunter-biden-got-3-5-m-russia/3586861001/
170,"“The mayor of Moscow, his wife, gave your son three and a half-million dollars.”",https://www.washingtonpost.com/politics/2020/09/30/fact-checking-first-trump-biden-presidential-debate/
171,"""Why did (Hunter Biden) deserve three and a half million from Moscow?""",https://www.politifact.com/article/2020/sep/30/fact-checking-first-2020-presidential-debate-joe-b/
172,Trump says No Aid for CA fires. But in July he offered to help Putin with fires in Russia.,https://www.usatoday.com/story/news/factcheck/2020/09/22/fact-check-trump-oks-fire-aid-california-offers-help-russia/5825547002/
173,"""Trump says No Aid for CA fires. But in July he offered to help Putin with fires in Russia.""",https://www.factcheck.org/2020/09/contrary-to-viral-claim-trump-okd-aid-for-california-fires/
174,"""A corrupt Ukrainian oligarch put Hunter on the board of his gas company, even though he had no experience in Ukraine — or in the energy sector. None. Yet he was paid millions to do nothing.""",https://www.politifact.com/article/2020/aug/26/fact-checking-pam-bondis-rnc-attacks-about-hunter-/
175,“That very same company was being investigated by a Ukrainian prosecutor. Joe Biden —  the vice president of the United States — threatened to withhold aid to Ukraine unless that same prosecutor was fired. And then he was fired.”,https://www.politifact.com/article/2020/aug/26/fact-checking-pam-bondis-rnc-attacks-about-hunter-/
176,"The FBI raided a “Cleveland office linked to Ukraine. Biden, Pelosi, Kerry and Romney all had sons getting tens of millions of dollars from no-show jobs in Ukraine.”",https://www.politifact.com/factchecks/2020/aug/13/facebook-posts/cleveland-fbi-raid-resurfaces-debunked-conspiracy-/
177,Says Joe Biden is formally listed as criminal suspect in Ukraine case involving his son.,https://www.politifact.com/factchecks/2020/jul/28/viral-image/opening-case-file-does-not-mean-joe-biden-criminal/
178,"The special counsel investigation into Russia's interference in the 2016 election was ""absolutely baseless.""",https://www.factcheck.org/2020/07/trumps-misleading-spin-on-roger-stones-conviction/
179,The investigation into Russia’s interference in the 2016 presidential election ended in “the complete and total exoneration of President Trump.”,https://www.factcheck.org/2020/05/white-house-press-secretary-repeats-russia-talking-point/
180,Trump said CrowdStrike is a company owned by a very wealthy Ukrainian.,https://www.logically.ai/factchecks/archive/cd24873d
181,"Says the media cut out his request of Russian hackers to find Hillary Clinton’s emails “right at the end so that you don’t see the laughter, the joke.”",https://www.politifact.com/factchecks/2020/mar/02/donald-trump/donald-trump-rewrites-history-about-his-russia-if-/
182,"""Why isn’t Germany paying money? Why isn’t France? Why isn’t United Kingdom paying money"" to Ukraine?",https://www.nytimes.com/2020/02/06/us/politics/trump-fact-check.html
183,“All of the aid has not arrived” to Ukraine.,https://www.politifact.com/factchecks/2020/feb/03/val-demings/ukraine-really-still-waiting-us-aid-small-amount-s/
184,"When asked if he’s defended former U.S. ambassador to Ukraine Marie Yovanovitch, ""I've defended every single person on this team.""",https://www.politifact.com/factchecks/2020/jan/29/mike-pompeo/no-evidence-mike-pompeos-claim-hes-defended-ambass/
185,"""The House managers, over a 23-hour period, kept pushing this false dichotomy that it was either Russia or Ukraine, but not both.""",https://www.politifact.com/article/2020/jan/28/fact-checking-trump-impeachment-defense/
186,"""President Zelensky and high-ranking Ukrainian officials did not even know the security assistance was paused until the end of August.""",https://www.politifact.com/article/2020/jan/28/fact-checking-trump-impeachment-defense/
187,"""Security assistance flowed on Sept. 11 and a presidential meeting took place on Sept. 25 without the Ukrainian government announcing any investigations.""",https://www.politifact.com/article/2020/jan/28/fact-checking-trump-impeachment-defense/
188,"Says President Donald Trump’s hold on Ukraine aid was like when ""the Obama administration withheld $585 million of promised aid to Egypt in 2013 ... (and within the  fiscal year) they didn't have to disclose the halt to anyone.""",https://www.politifact.com/factchecks/2020/jan/28/jay-sekulow/trump-lawyer-sekulow-says-trumps-hold-ukraine-aid-/
189,"Claimed Ukraine ""got all"" of its U.S. security assistance ""long before schedule.""",https://www.factcheck.org/2020/01/false-claim-ukraine-got-aid-before-schedule/
190,President Donald Trump “worked with the Russians to try to rig the 2016 election.”,https://www.factcheck.org/2020/01/nadlers-russia-claim/
191,"“Breaking News: The President of Ukraine has just again announced that President Trump has done nothing wrong with respect to Ukraine and our interactions or calls. """,https://www.nytimes.com/2019/12/02/us/politics/trump-zelensky-fact-check.html
192,"Ukraine is ""known as being the third most corrupt country in the world.""",https://www.nytimes.com/2019/11/22/us/politics/trump-fox-and-friends-fact-check.html
193,"""Ukraine blatantly interfered in our election.""",https://www.politifact.com/factchecks/2019/dec/12/ted-cruz/checking-ted-cruz-whether-ukraine-blatantly-interf/
194,“You know full well that Vice President Biden used his office and $1 billion dollars of U.S. aid money to coerce Ukraine into firing the prosecutor who was digging into the company paying his son millions of dollars.”,https://www.washingtonpost.com/politics/2019/12/18/fact-checking-president-trumps-impeachment-letter-pelosi/
195,“President Zelensky has repeatedly declared that I did nothing wrong.”,https://www.washingtonpost.com/politics/2019/12/18/fact-checking-president-trumps-impeachment-letter-pelosi/
196,"“Ambassador Sondland testified that I told him: ‘No quid pro quo. I want nothing. I want nothing. I want President Zelensky to do the right thing, do what he ran on.’”",https://www.washingtonpost.com/politics/2019/12/18/fact-checking-president-trumps-impeachment-letter-pelosi/
197,"Says Joe Biden ""blackmailed Ukraine with a billion in tax dollars to drop an investigation into his son and Democrats want to impeach President Trump for simply asking if it was true?""`",https://www.politifact.com/factchecks/2019/dec/10/facebook-posts/social-posts-falsely-connect-trumps-impeachment-bi/
198,Says Lt. Col. Alexander Vindman confessed to giving a wrong account of President Trump’s phone call with Ukraine.,https://www.politifact.com/article/2019/dec/06/ask-politifact-we-answered-reader-questions-about-/
199,"""The Ukrainians never started, never promised to start and never announced an investigation in the time that the aid was paused. Never once.""",https://www.factcheck.org/2019/12/republicans-cherry-pick-facts-on-impeachment/
200,"""The Ukrainians, third, didn’t know the aid was held up at the time of the phone call.""",https://www.factcheck.org/2019/12/republicans-cherry-pick-facts-on-impeachment/
201,"Says former Ukraine President Petro Poroshenko ""actively worked for Secretary Clinton.""",https://www.politifact.com/factchecks/2019/dec/04/john-kennedy2/gop-senator-falsely-says-ukraine-president-helped-/
202,"“They [Ukraine] have this server, right? From the DNC, Democratic National Committee.”",https://www.washingtonpost.com/politics/2019/12/02/not-enough-pinocchios-trumps-crowdstrike-obsession/
203,"“You know, the FBI has never gotten that server. That’s a big part of this whole thing. Why did they give it to a Ukrainian company?”",https://www.washingtonpost.com/politics/2019/12/02/not-enough-pinocchios-trumps-crowdstrike-obsession/
204,"“They gave the server to CrowdStrike or whatever it’s called, which is a company owned by a very wealthy Ukrainian.”",https://www.washingtonpost.com/politics/2019/12/02/not-enough-pinocchios-trumps-crowdstrike-obsession/
205,“Did you know that Joe Biden called Ukrainian President Poroshenko at least three times in February 2016 after the president and owner of Burisma’s home was raided on February 2nd by the state prosecutor’s office?”,https://www.washingtonpost.com/politics/2019/12/04/gop-tries-connect-dots-biden-ukraine-comes-up-short/
206,"""The impeachment inquiry has uncovered no clear evidence that President Trump directed Ambassador Volker, Ambassador Sondland, and Secretary Perry to work with Mayor Giuliani for the purpose of pressuring Ukraine to investigate his political rival.”",https://www.politifact.com/article/2019/dec/03/fact-checking-house-republicans-impeachment-report/
207,"""Although Democrats and some in the media believe that Acting Chief of Staff Mick Mulvaney confirmed the existence of a quid pro quo during an October 2019 press briefing, a careful reading of his statements shows otherwise. Chief of Staff Mulvaney cited President Trump’s concerns about Ukrainian corruption and foreign aid in general as the ‘driving factors’ in the temporary pause on security assistance.”",https://www.politifact.com/article/2019/dec/03/fact-checking-house-republicans-impeachment-report/
208,"Trump’s actions were rooted in his ""long-standing, deep-seated skepticism of Ukraine due to its history of pervasive corruption.""",https://www.politifact.com/article/2019/dec/03/fact-checking-house-republicans-impeachment-report/
209,“U.S. security assistance ultimately flowed to Ukraine without the Ukrainian government taking any action to investigate President Trump’s political rival.”,https://www.politifact.com/article/2019/dec/03/fact-checking-house-republicans-impeachment-report/
210,"Says the former Ukraine president ""actively worked for Secretary Clinton"" in the 2016 election.",https://www.politifact.com/article/2019/dec/03/what-we-know-about-politico-story-heart-ukraine-co/
211,"""The Ukrainian president came out and said very strongly that President Trump did absolutely nothing wrong.""",https://www.factcheck.org/2019/12/zelenskys-remarks-about-trump-in-context/
212,“Breaking News: The President of Ukraine has just again announced that President Trump has done nothing wrong with respect to Ukraine and our interactions or calls.”,https://www.politifact.com/article/2019/dec/02/trump-mischaracterizes-ukrainian-presidents-commen/
213,"The ""head of Burisma,"" the Ukrainian gas company, has been ""indicted.""",https://www.factcheck.org/2019/11/viral-headlines-wrongly-report-indictment-in-ukraine/
214,"The theory that Ukraine was behind 2016 election interference ""is a fictional narrative that has been perpetrated and propagated by the Russian security services themselves.""",https://www.politifact.com/article/2019/nov/26/6-key-takeaways-public-impeachment-hearings/
215,Rudy Giuliani led an irregular diplomatic channel to Ukraine.,https://www.politifact.com/article/2019/nov/26/6-key-takeaways-public-impeachment-hearings/
216,U.S. officials pushed a quid pro quo with Ukraine,https://www.politifact.com/article/2019/nov/26/6-key-takeaways-public-impeachment-hearings/
217,Top federal officials were “in the loop” on Giuliani-led Ukraine efforts.,https://www.politifact.com/article/2019/nov/26/6-key-takeaways-public-impeachment-hearings/
218,"""A lot of it had to do they say with Ukraine. You know, it’s very interesting, it is very interesting. They have the server, right? From the DNC, Democratic National Committee.""",https://www.factcheck.org/2019/11/trump-repeats-false-ukraine-claims/
219,"""The Ukrainian government just indicted the Burisma gas company & named Hunter Biden for accepting millions of dollars from a slush fund.""",https://www.politifact.com/factchecks/2019/nov/22/viral-image/no-ukraine-didnt-indict-burisma-wednesday/
220,"""Why isn’t Germany putting up money? Why isn’t France putting up money (for Ukraine)? Why isn’t all of the European nations, why aren’t they putting up …""",https://www.politifact.com/article/2019/nov/22/fact-checking-trumps-falsehoods-fox-and-friends-ab/
221,"""They gave the server to Crowdstrike or whatever it’s called, which is a company owned by a very wealthy Ukrainian. And I still want to see that server, you know the FBI has never gotten that server, that’s a big part of this whole thing. Why did they give it to a Ukrainian company?""",https://www.politifact.com/article/2019/nov/22/fact-checking-trumps-falsehoods-fox-and-friends-ab/
222,"Former U.S. Ambassador Marie Yovanovitch is ""an Obama person … I heard bad things.""",https://www.politifact.com/article/2019/nov/22/fact-checking-trumps-falsehoods-fox-and-friends-ab/
223,"“I turned off the television” after Ambassador Gordon Sondland testified that I told him in a phone call, “I want nothing [from Ukraine]. I want no quid pro quo.”",https://www.factcheck.org/2019/11/trump-cherry-picks-sondland-testimony/
224,"Says Gordon Sondland ""was ambassador to the Ukraine. He is ambassador to the Ukraine. And the president knows him, the president does not know him very well. He’s a short-term ambassador.""",https://www.politifact.com/article/2019/nov/20/fact-checking-gordon-sondland-impeachment-hearing-/
225,"Social media posts and questionable websites say the former ambassador to Ukraine, Marie Yovanovitch, has a net worth of anywhere from $6.4 million to $23 million.",https://www.factcheck.org/2019/11/memes-overstate-yovanovitchs-wealth/
226,"“Solomon’s reporting on Burisma, Hunter Biden and Ukraine election meddling has become inconvenient for the Democratic narrative.”",https://www.politifact.com/article/2019/nov/19/who-john-solomon-heres-what-we-know-about-journali/
227,"""Everywhere Marie Yovanovitch went turned bad,"" including Somalia and Ukraine.",https://www.politifact.com/factchecks/2019/nov/15/donald-trump/trump-inaccurately-disparages-yovanovitch-somalia-/
228,"In an April 21 call, President Trump “expressed his commitment to work together with President-elect Zelenskyy and the Ukrainian people to implement reforms that strengthen democracy, increase prosperity, and root out corruption.”",https://www.factcheck.org/2019/11/discrepancy-in-white-house-versions-of-first-trump-zelensky-phone-call/
229,"Says ""Russia donated 0$ to Donald Trump. Russia donated 145.000.000$ to the Clinton Foundation.""",https://www.politifact.com/factchecks/2019/nov/15/facebook-posts/no-russia-did-not-donate-145-million-clinton-found/
230,"""Maybe now we understand what President Obama meant when he told Russian President Medvedev that he would have more flexibility after his election. Maybe that flexibility was to deny lethal aid to the Ukraine, allowing Russia to march right in and kill Ukrainians.""",https://www.politifact.com/article/2019/nov/14/obamas-hot-mic-moment-russian-president-2012-was-u/
231,"""The Russians are violating all of the rules, treaties, understandings that they committed to that actually kept the peace in Europe for nearly 70 years.""",https://www.politifact.com/factchecks/2019/nov/14/william-taylor/fact-checking-impeachment-witness-william-taylors-/
232,"Photos show the Trump-Ukraine whistleblower with Chuck Schumer, Elizabeth Warren, Nancy Pelosi and Hillary Clinton.",https://www.politifact.com/factchecks/2019/nov/14/viral-image/s-not-whistleblower-posing-democratic-politicians-/
233,“The Democrats cooperated in Ukrainian election meddling … What is the full extent of Ukrainian election meddling against the Trump campaign?”,https://www.washingtonpost.com/politics/2019/11/14/fact-checking-opening-day-trump-impeachment-hearings/
234,"“For the millions of Americans viewing today, the two most important facts are the following. Number one, Ukraine received the aid. Number two, there was in fact no investigation into Biden.”",https://www.washingtonpost.com/politics/2019/11/14/fact-checking-opening-day-trump-impeachment-hearings/
235,“Ambassador Taylor testified that President Trump was the first president to see that Ukraine was afforded Javelin antitank weapons. This was a very strong message that Americans are willing to provide more than blankets. This was the Obama administration’s approach.”,https://www.washingtonpost.com/politics/2019/11/14/fact-checking-opening-day-trump-impeachment-hearings/
236,"President Trump ""approved the supply of weapons to Ukraine, unlike the previous administration, which provided blankets as defense against invading Russians.""",https://www.factcheck.org/2019/11/day-one-of-the-public-impeachment-hearings/
237,"The Obama administration ""provided blankets as defense against invading Russians.""",https://www.politifact.com/article/2019/nov/13/fact-checking-house-impeachment-hearings-trump/
238,"Democrats tried ""to obtain nude pictures of Trump from Russian pranksters who pretended to be Ukrainian officials.""",https://www.politifact.com/article/2019/nov/13/fact-checking-house-impeachment-hearings-trump/
239,"""The Democrats downplay, ignore or outright deny the many indications that Ukrainians actually did meddle in the election.""",https://www.politifact.com/article/2019/nov/13/fact-checking-house-impeachment-hearings-trump/
240,"""Nothing was withheld"" and no one knew any military aid to Ukraine ""was even being withheld.""",https://www.nytimes.com/2019/11/12/us/politics/impeachment-trump-factcheck.html
241,"""The Ukrainian leader did nothing different to actually get the aid.""",https://www.nytimes.com/2019/11/12/us/politics/impeachment-trump-factcheck.html
242,"William Taylor's testimony about Ukraine ""pointed to Mr. Giuliani, he didn’t point to the president.”",https://www.nytimes.com/2019/11/12/us/politics/impeachment-trump-factcheck.html
243,"Joe Biden did the same thing as Donald Trump by "" trying to manipulate Ukraine to get some kind of investigation.""",https://www.nytimes.com/2019/11/12/us/politics/impeachment-trump-factcheck.html
244,"A photo of ""Obama’s White House staff"" shows the alleged Ukraine whistleblower.",https://www.politifact.com/factchecks/2019/nov/12/viral-image/no-isnt-photo-ukraine-whistleblower/
245,Photos show the whistleblower with Nancy Pelosi and Hillary Clinton.,https://www.politifact.com/factchecks/2019/nov/12/facebook-posts/no-these-photos-dont-show-alleged-whistleblower-po/
246,"President Donald Trump's phone call with the Ukrainian president ""sounds exactly like what Joe Biden did.""",https://www.politifact.com/factchecks/2019/nov/11/rand-paul/rand-paul-said-trumps-actions-related-ukraine-were/
247,A viral meme identifies a White House staffer from the Obama administration as the whistleblower who filed a complaint about President Donald Trump's actions regarding Ukraine.,https://www.factcheck.org/2019/11/blowing-the-whistle-on-a-misinforming-meme/
248,"""(Joe Biden) supervised billions of dollars of aid that went from the U.S. taxpayer to Ukraine. Much of that went to Burisma, a gas company that was paying his son.""",https://www.politifact.com/article/2019/nov/11/no-proof-biden-or-kerry-channeled-us-aid-ukraine-b/
249,"“Even if you listen to the very good conversation that I had — a very, very good, no-pressure, congenial conversation with the new president of Ukraine — he had some things that were not flattering to say about her [former U.S. Ambassador Marie Yovanovitch]. And that came out of the blue.”",https://www.washingtonpost.com/politics/2019/11/06/trumps-false-claim-about-what-ukrainian-president-said-about-us-ambassador/
250,"“Hillary Clinton emerged recently to claim, with no basis in fact, that I am being ‘groomed’ by the Russian government to undermine America.”",https://www.washingtonpost.com/politics/2019/10/31/tulsi-gabbard-misquotes-hillary-clintons-jab-her/
251,"Says the Army officer who listened to the July 25 call with Ukraine and testified about it is a ""Never Trumper.""",https://www.politifact.com/article/2019/oct/30/who-alexander-vindman/
252,"“I still ask the FBI: Where is the server? How come the FBI never got the server from the DNC? Where is the server? I want to see the server. Let’s see what’s on the server. So, the server, they say, is held by a company whose primary ownership individual is from Ukraine.”",https://www.washingtonpost.com/politics/2019/10/29/president-trumps-alternative-reality-ukraine/
253,"""Ukraine Donated the Most Cash of Any Country to the Clinton Foundation.""",https://www.factcheck.org/2019/10/headlines-spin-ukrainian-donations-to-clinton-charity/
254,"""Barack Obama put a permanent stop on this military aid to the Ukraine - he never allowed it to go.""",https://www.politifact.com/factchecks/2019/oct/25/matt-gaetz/matt-gaetz-says-obama-permanently-stopped-military/
255,"""We have an obligation to investigate corruption [in Ukraine and other countries]. And that’s what it was.”",https://www.washingtonpost.com/politics/2019/10/23/trump-mulvaneys-claim-that-corruption-concerns-held-up-ukraine-aid/
256,"“There were two reasons that we held up the aid. We talked about this at some length. The first one was the rampant corruption in Ukraine. Ukraine — by the way, Chris, it’s so bad in Ukraine that in 2014, Congress passed a law making it, making us, requiring us, to make sure that corruption was moving in the right direction. So, corruption is a big deal, everyone knows it. The president was also concerned about whether or not other nations, specifically European nations, were helping with foreign aid to the Ukraine as well.”",https://www.washingtonpost.com/politics/2019/10/23/trump-mulvaneys-claim-that-corruption-concerns-held-up-ukraine-aid/
257,"""I released a transcription done by stenographers of the exact conversation I had"" with the Ukrainian president.",https://www.politifact.com/article/2019/oct/21/fact-checking-trump-phony-emoluments-adam-schiff-a/
258,"The Steele dossier ""started"" the Russian election interference investigation into Trump.",https://www.nytimes.com/2019/02/27/us/politics/fact-checking-cohen-testimony.html
259,"""I’ll withhold again and I’ll continue to withhold until such time as Europe and other nations contribute to Ukraine because they’re not doing it. Just the United States. We’re putting up the bulk of the money.""",https://www.nytimes.com/2019/09/24/us/politics/trumps-misleading-defense-for-withholding-assistance-to-ukraine.html
260,"""Just two days ago The New York Times put out an article saying I’m a Russian asset and an Assad apologist and all these different smears. This morning a CNN commentator said on national television that I am an asset of Russia. Completely despicable.""",https://www.politifact.com/article/2019/oct/16/fact-checking-cnn-nyt-democratic-debate-ohio/
261,"""There was a letter sent by Democratic senators in May 2018 threatening the Ukraine to cut off aid if they did not investigate Trump.""",https://www.factcheck.org/2019/10/the-democratic-letter-to-ukraine/
262,"""Fact: Joe Biden pressured Ukraine to fire its prosecutor .... Fact: the prosecutor said he was forced out for leading a corruption probe into Hunter Biden's company. Fact: Democrats want to impeach President Trump for discussing this investigation with Ukraine's President.""",https://www.politifact.com/factchecks/2019/oct/11/donald-trump/trump-ad-misleads-about-biden-ukraine-and-prosecut/
263,"""Sleepy Joe said he never spoke to the Ukrainian company, and then the picture came out where he was playing golf with the company boss and Hunter.""",https://www.politifact.com/factchecks/2019/oct/08/donald-trump/trump-claims-photo-shows-bidens-playing-golf-ukrai/
264,"""President Trump wants to dig up dirt on his 2020 opponent, what he wants is he wants an accounting of what happened in 2016. Who set him up? Did things spring from Ukraine?""",https://www.washingtonpost.com/politics/2019/10/08/gop-theory-that-ukraine-set-up-trump/
265,The White House-released memo on President Trump's phone call with the Ukrainian president was “an exact word-for-word transcript of the conversation … taken by very talented stenographers.”,https://www.factcheck.org/2019/10/trumps-inaccurate-claims-about-his-perfect-call/
266,Acting Director of National Intelligence Joseph Maguire testified that President Trump’s phone call with the Ukrainian president was “very normal.”,https://www.factcheck.org/2019/10/trumps-inaccurate-claims-about-his-perfect-call/
267,Republican Sen. Mitch McConnell read a White House-released memo of President Trump's phone call with the Ukrainian president and then “put out a statement that said that was the most innocent phone call he’s read.”,https://www.factcheck.org/2019/10/trumps-inaccurate-claims-about-his-perfect-call/
268,"“I heard Rick Scott today say, ‘That was a perfect conversation,'"" referring to a White House-released memo on President Trump's phone call with the Ukrainian president.",https://www.factcheck.org/2019/10/trumps-inaccurate-claims-about-his-perfect-call/
269,"""Barack Obama asked Ukraine to investigate his political rival's campaign manager, 3 Democrat senators asked Ukraine to investigate Trump, and the DNC solicited Ukraine's help to dig up dirt on Trump.""",https://www.politifact.com/factchecks/2019/oct/03/charlie-kirk/fact-checking-charlie-kirks-misleading-tweet-about/
270,"“Well, John, you’re asking me to comment on an IG report I haven’t seen and some reporting [on President Trump's request that Ukraine investigate Joe Biden's son] — I have no idea if that has any foundation whatsoever.”",https://www.washingtonpost.com/politics/2019/10/03/pompeos-four-pinocchio-spin-trump-ukraine/
271,"""There is a load of evidence that the Ukrainians created false information, that they were asked by the Obama White House to do it in January of 2016.""",https://www.politifact.com/article/2019/oct/02/fact-checking-rudy-giulianis-claims-about-joe-bide/
272,Trump said Democratic senators threatened Ukraine,https://www.politifact.com/article/2019/sep/27/trump-said-democratic-senators-threatened-ukraine-/
273,"“I would like you to find out what happened with this whole situation with Ukraine, they say Crowdstrike.”",https://www.politifact.com/article/2019/sep/27/trump-mentioned-crowdstrike-conspiracy-during-his-/
274,"""In the letter, they implied that their support for U.S. assistance to Ukraine was at stake and that if they didn’t do the right thing, they wouldn’t get any assistance....I just told you about senators that threatened him with votes and no money coming into Ukraine if they do."" things.",https://www.washingtonpost.com/politics/2019/09/27/quick-guide-trumps-false-claims-about-ukraine-bidens/
275,"""A lot of people are talking about"" the removal of a ""very fair prosecutor"" in Ukraine.",https://www.politifact.com/factchecks/2019/sep/26/donald-trump/donald-trumps-boasts-about-former-ukrainian-prosec/
276,"""Europe and other nations"" are ""not"" contributing to Ukraine. ""Why is it only the United States putting up the money? ... Germany, France, other countries should put up money.""",https://www.factcheck.org/2019/09/trump-wrong-on-european-aid-to-ukraine/
277,"“Ask how his son made millions of dollars from Ukraine, made millions of dollars from China, even though he had no expertise whatsoever.”",https://www.washingtonpost.com/politics/2019/09/26/trumps-false-claims-about-hunter-bidens-china-dealings/
278,"""Europe and other nations (need to) contribute to Ukraine. Because they’re not doing it. Just the United States. We’re putting up the bulk of the money.""",https://www.politifact.com/factchecks/2019/sep/25/donald-trump/donald-trump-said-european-nations-have-not-put-mo/
279,"""We’re putting up the bulk of the money [for Ukraine]. … Europe has to put up money for Ukraine also. Why is it only the United States putting up the money?""",https://www.washingtonpost.com/politics/2019/09/25/trumps-pinocchio-laden-claims-about-joe-biden-ukraine-polls/
280,"""It was something where [then-Vice President Joe Biden] said, “I’m not going to give billions of dollars to Ukraine unless they remove this prosecutor.” ... And the prosecutor was prosecuting the company of the son and the son,"" Hunter Biden.",https://www.factcheck.org/2019/09/trump-twists-facts-on-biden-and-ukraine/
281,"Crimea ""was sort of taken away from President Obama. … And he wanted Russia to be out of what was called the G-8. And that was his determination.""",https://www.politifact.com/factchecks/2019/aug/27/donald-trump/donald-trump-misleads-russia-crimea-obama/
