Topic,Count,Name
-1,9985,-1_of_the_claim_to
0,767,0_ballots_election_votes_vote
1,605,1_vaccine_vaccines_vaccinated_covid19
2,316,2_cancer_water_can_drinking
3,274,3_muslim_kashmir_muslims_hindu
4,217,4_ukraine_ukrainian_aid_putin
5,197,5_temple_ayodhya_sculpture_shiva
6,189,6_covid19_variant_omicron_sarscov2
7,187,7_masks_mask_face_wearing
8,187,8_crore_rupees_rs_lakh
9,181,9_marcos_bongbong_ferdinand_marcoses
10,170,10_coronavirus_wuhan_china_virus
11,157,11_robredo_leni_vice_robredos
12,154,12_rape_raped_girl_teacher
13,141,13_coronavirus_cure_water_prevent
14,127,14_gun_background_assault_guns
15,124,15_lion_dog_lions_spotted
16,123,16_temple_statue_sultan_picture
17,118,17_philippines_manila_philippine_bay
18,118,18_wages_wage_unemployment_minimum
19,117,19_abortion_abortions_birth_parenthood
20,117,20_pelosi_nancy_speaker_pelosis
21,106,21_aquino_ninoy_philippines_benigno
22,105,22_news_annamalai_card_fake
23,103,23_crash_taliban_helicopter_crashed
24,97,24_deaths_flu_covid_covid19
25,95,25_tax_taxes_corporations_income
26,94,26_biden_joe_debate_interview
27,93,27_farmers_protest_farmer_delhi
28,88,28_flood_floods_pokot_landslide
29,87,29_slaves_slavery_abraham_fetterman
30,83,30_flooded_flood_river_chennai
31,82,31_coronavirus_virus_dna_corona
32,82,32_security_social_tax_taxes
33,81,33_stalin_mk_claim_dmk
34,81,34_beirut_israel_gaza_explosion
35,80,35_galwan_chinese_soldiers_ladakh
36,76,36_kenosha_rittenhouse_kyle_shooter
37,75,37_jobs_created_record_million
38,74,38_ukraine_ukrainian_russian_russia
39,72,39_ireland_northern_uk_eu
40,70,40_duterte_rodrigo_dutertes_filipinos
41,68,41_kenya_recruitment_huduma_namba
42,66,42_flag_flags_saffron_hoisted
43,65,43_buhari_nigerias_nigerian_muhammadu
44,64,44_raja_arjun_sampath_murugan
45,64,45_dead_okoth_ken_kibra
46,62,46_petrol_price_hike_fuel
47,62,47_trade_china_deficit_tariffs
48,62,48_gas_prices_oil_gallon
49,61,49_uhuru_kenyans_kenya_kenyatta
50,59,50_debt_trillion_deficit_billion
51,59,51_ruto_dp_rutos_migori
52,58,52_gandhi_rahul_sonia_gandhis
53,58,53_cup_cricket_t20_pakistani
54,58,54_impeachment_witnesses_inquiry_process
55,56,55_soros_george_nazi_ss
56,56,56_covid19_victims_19_patients
57,56,57_insurance_health_care_medicare
58,55,58_cow_beef_urine_cows
59,55,59_modi_narendra_pm_prime
60,54,60_isis_afghanistan_caliphate_kurds
61,54,61_advert_jobs_supermarket_job
62,53,62_nigeria_nigerias_polytechnic_nigerian
63,53,63_kamala_harris_she_rioters
64,52,64_tulsa_rally_donald_trump
65,52,65_toilet_crore_gold_tonnes
66,50,66_pfizer_vaccine_ceo_covid
67,49,67_barack_obama_donald_trump
68,48,68_tamilian_tamil_language_claim
69,47,69_antifa_capitol_supporters_stormed
70,47,70_turkey_earthquake_syria_2023
71,47,71_hydroxychloroquine_chloroquine_effective_treatment
72,46,72_supreme_court_judges_nominated
73,45,73_electric_coal_energy_batteries
74,45,74_something_yes_whichchoose_anses
75,44,75_ratan_neet_tata_tn
76,44,76_seats_elections_poll_exit
77,44,77_monkeypox_graphene_oxide_herpes
78,44,78_coins_school_aiims_tagore
79,44,79_ivermectin_machupo_paracetamol_treatment
80,43,80_gates_bill_melinda_vaccines
81,43,81_khmer_hun_cambodian_vietnamese
82,42,82_de_en_da_confiscar
83,42,83_child_kidnapping_abductor_kidnapper
84,42,84_whatsapp_impersonating_facebook_message
85,42,85_border_southern_migration_asylum
86,42,86_safaricom_website_offering_giveaways
87,41,87_jackson_sanders_bernie_porn
88,41,88_whistleblower_schiff_adam_conversation
89,41,89_choice_mcauliffe_terry_busing
90,41,90_prescription_drugs_drug_prices
91,41,91_italy_italian_coffins_corpses
92,40,92_pandemic_swine_flu_response
93,40,93_preexisting_conditions_always_protect
94,40,94_testing_tests_korea_tested
95,39,95_schools_students_school_grade
96,39,96_nato_trillion_rebuilt_billion
97,39,97_stimulus_student_forgiveness_loan
98,39,98_floyd_george_derek_chauvin
99,37,99_climate_change_global_warming
100,37,100_coronavirus_201_wound_covid19
101,36,101_khan_presence_jinnah_indiras
102,36,102_amit_shah_modi_indira
103,35,103_modi_pm_narendra_nehru
104,35,104_nelson_mandela_ferguson_apartheid
105,35,105_defund_police_yes_amendment
106,35,106_38000_cages_prison_administration
107,35,107_poverty_jobs_americans_unemployment
108,35,108_alec_baldwin_joe_socialist
109,34,109_jahangirpuri_christian_communal_nankana
110,34,110_modi_symbol_tamilisai_tweeted
111,34,111_gandhi_rahul_jodo_bharat
112,34,112_australia_australians_australian_claims
113,34,113_instagram_posting_permission_note
114,33,114_assam_jamia_islamia_millia
115,33,115_weight_fat_belly_loss
116,33,116_facebook_account_users_likes
117,32,117_epstein_jeffrey_epsteins_island
118,32,118_test_this_delay_thing
119,32,119_mall_sm_conditioners_baby
120,32,120_nominated_nobel_joe_jill
121,32,121_tunnel_road_brahmaputra_km
122,31,122_pm_abul_aimim_shaved
123,31,123_sara_dutertecarpio_duterte_marcos
124,31,124_lockdown_june_complete_days
125,31,125_immigration_illegal_deportations_border
126,31,126_irani_smriti_mohamed_ammar
127,31,127_ventilators_cupboards_16000_bare
128,31,128_crocodile_elephants_elephant_lake
129,30,129_falso_kipchoge_eliud_alderfer
130,30,130_abscbn_incurred_franchise_network
131,30,131_evms_evm_seized_bjp
132,29,132_adityanath_yogi_poster_lady
133,28,133_caa_nrc_jashodaben_rally
134,28,134_queen_elizabeth_ii_beach
135,28,135_deal_green_new_immoral
136,28,136_messi_messis_lionel_fifa
137,28,137_china_travel_restrictions_experts
138,28,138_modi_pm_clapping_modis
139,27,139_philippines_cases_covid19_vaccination
140,27,140_hiv_arv_blood_aids
141,27,141_5g_technology_birds_linked
142,27,142_dominion_systems_voting_machines
143,27,143_mobile_sms_sim_phones
144,27,144_hunter_daughternewsomes_marketing_cousin
145,27,145_evers_tony_gov_bloomberg
146,27,146_google_bing_warranted_facilitate
147,27,147_sides_military_fine_farright
148,26,148_check_fact_sample_this
149,26,149_imran_khan_bharatjodoyatra_feature
150,26,150_protester_capitol_bricks_pushed
151,25,151_pacquiao_manny_online_makati
152,25,152_banks_rbi_loans_closed
153,25,153_kris_jobless_aquino_filipinos
154,25,154_digital_quote_attributed_card
155,25,155_laptops_shopify_free_offering
156,25,156_201314_kms_201718_km
157,25,157_allegiance_pledge_god_joe
158,25,158_infrastructure_farms_dairy_fully
159,25,159_robbery_waterways_kibokoni_brisbane
160,24,160_khan_shahrukh_institutions_pathaan
161,24,161_quran_jihadi_crpf_priest
162,24,162_ramadoss_radhakrishnan_pon_anbumani
163,24,163_veterans_defunding_charity_precedent
164,24,164_colleges_medical_10th_exams
165,24,165_cloud_skeleton_discovered_giant
166,24,166_gst_crore_rs_diesel
167,24,167_australia_wildfires_fires_ironwood
168,23,168_newspaper_page_front_standard
169,23,169_banerjee_mamata_mamta_nandigram
170,23,170_dancing_puja_pakistan_durga
171,23,171_cyclone_fani_yaas_nivar
172,23,172_nc_911_controversial_memorial
173,23,173_pelting_stone_stones_express
174,22,174_fentanyl_drug_drugs_border
175,22,175_french_lockdown_police_video
176,22,176_1000_10000_hp_laptops
177,22,177_warming_ice_climate_global
178,22,178_ghost_hospital_fire_park
179,22,179_hontiveros_risa_corporation_philippine
180,22,180_budget_spends_largest_dad
181,21,181_nirav_nitish_modi_flee
182,21,182_upadhyay_anil_mla_bjp
183,21,183_ocasiocortez_alexandria_abortionrights_rep
184,21,184_train_crowded_tallest_sharmik
185,21,185_tala_branch_defaulters_loan
186,21,186_asdfasdflkajklagi99wg_asdfgsahgsagasr_howdy_asgash
187,21,187_ranara_jullebee_migrant_filipino
188,20,188_republican_sinema_kyrsten_94
189,20,189_wall_miles_border_built
190,20,190_something_soudns_this_thign
191,20,191_inflation_insurance_option_sen
192,20,192_processing_prices_virginia_gas
193,19,193_xenophobic_travel_hysterical_japan
194,19,194_fauci_anthony_dr_maxwells
195,19,195_missing_boy_girl_child
196,19,196_crime_violent_cities_percent
197,19,197_iran_nuclear_expires_defective
198,19,198_bjp_mla_boom_documentary
199,19,199_arrested_murkomen_interpol_muigai
200,18,200_chandrayaan_photograph_vikram_lander
201,18,201_diabetes_diabetic_insulin_tussle
202,18,202_keystone_pipeline_oil_gas
203,18,203_thing_this_thisi_blog
204,18,204_periyar_47yearold_moinuddin_khaki
205,18,205_brp_build_duterte_pasig
206,18,206_helpline_vehicle_number_7837018555
207,18,207_elon_musk_twitter_meta
208,17,208_kim_convoy_jongun_freedom
209,17,209_statement_sort_unsc_sorts
210,17,210_protesters_capitol_tear_memorial
211,17,211_children_dot_vaxxed_aged
212,17,212_ilhan_omar_rep_911
213,17,213_atm_pin_cancel_pressing
214,17,214_publishes_kenyatta_uae_kenyans
215,17,215_index_climbed_rank_global
216,17,216_httpsdpafactcheckingcomgermany21120299227759_httpsdpafactcheckingcomaustria22080399260511_httpsverafilesorgarticlesverafilesfactcheckmisleadingpoststatepasigriverunde_httpsdrivegooglecomfiled1tfc7xgh4tffkwfrqb3fpmc2rxtmcnwviewuspsharing
217,17,217_kenyatta_kenya_stupor_kenyas
218,16,218_birth_babies_gives_17
219,16,219_dmk_thirumavalavan_govnt_injunction
220,16,220_wrench_framed_cosby_nbc
221,16,221_bridge_siaya_makeshift_ugenya
222,16,222_something_another_or_anotehr
223,16,223_rss_dalit_men_uniform
224,16,224_medicare_cut_mehmet_supports
225,16,225_microchips_microchip_magnets_magnet
226,16,226_reddy_mandram_ttd_makkal
227,16,227_passes_tamizhachi_away_actor
228,16,228_el_contra_vacina_vacunas
229,15,229_cure_madagascar_remedy_covidorganics
230,15,230_late_dance_pakistans_singing
231,15,231_mandir_incarnate_pussies_thereirony
232,15,232_railways_holidays_01_ticket
233,15,233_pulwama_mosques_attack_christchurch
234,15,234_rss_attacked_muslim_kashmiri
235,15,235_bidenbernie_unity_platform_warnock
236,15,236_marry_mswati_namaz_men
237,14,237_largest_economy_india_third
238,14,238_osochic_tamsin_kittens_ragdolls
239,14,239_seeman_edappadi_dated_palanisamy
240,14,240_swine_mitigation_models_disaster
241,14,241_cleanest_sicker_dirtier_suicides
242,14,242_nasa_earth_bennu_asteroid
243,14,243_yogi_crackers_yogis_yogijis
244,14,244_earmarked_integrity_demolition_saudi
245,13,245_airport_international_ninoy_naia
246,13,246_noodles_instant_cause_trigger
247,13,247_closet_wrangler_hiphop_bedridden
248,13,248_adam_schiff_witness_testify
249,13,249_organs_meat_transplant_organ
250,13,250_rockets_toward_iranian_iraq
251,13,251_documents_classified_speechless_residence
252,13,252_numbers_deaths_model_testing
253,13,253_canine_coronavirus_jkuat_novel
254,12,254_whitmer_gretchen_biden_birch
255,12,255_exposed_blood_defectiveness_skews
256,12,256_kenya_59_patient_dettol
257,12,257_yoga_girls_saudi_arabia
258,12,258_matter_lives_black_donations
259,12,259_plants_michigan_factories_built
260,12,260_filibuster_54_senate_lets
261,12,261_martyred_gate_shivnath_anitha
262,12,262_phone_mobile_phones_bluetooth
263,12,263_dmk_card_rice_sacks
264,12,264_rohingya_jammu_kachcha_hackled
265,11,265_burger_noncompete_mcdonalds_clauses
266,11,266_gerald_bantag_corrections_bureau
267,11,267_betting_virtual_sports_races
268,11,268_airstrike_grave_pakistan_indian
269,11,269_zindabad_jafrabad_pakistan_mishra
270,11,270_fighter_jet_russian_ukrainian
271,11,271_rahul_gandhi_columbian_brat
272,11,272_heaven_zimbabwean_kenya_tickets
273,11,273_sanctuary_mccready_dan_believes
274,11,274_bumps_birthday_dies_friends
275,11,275_watch_watches_bergstrom_love
276,11,276_kashmir_prince_ki_jk
277,10,277_language_sati_sitharaman_nirmala
278,10,278_kenyans_wrc_demonstrating_mud
279,10,279_volodymyr_suspended_russian_vladimir
280,10,280_likoni_truck_retrieved_channel
281,10,281_stone_vowing_insurgence_knighted
282,10,282_chanted_america_moment_agreement
